{"cameraMode":{"drawMode":0,"name":"Shaded","section":"Shading Mode"},"sceneLighting":true,"audioPlay":false,"sceneViewState":{"showFog":true,"showMaterialUpdate":false,"showSkybox":true,"showFlares":true,"showImageEffects":true,"showParticleSystems":true},"in2DMode":false,"pivot":{"x":-0.03000009059906006,"y":-2.2125003337860109,"z":0.5049998760223389},"rotation":{"x":-0.14731088280677796,"y":0.5941189527511597,"z":-0.11179586499929428,"w":-0.7828306555747986},"size":19.25244140625,"orthographic":true}